temperature,humidity,rainfall,growth_duration,label
38.84,52.82,28.45,117,Summer
24.71,73.39,72.69,118,Autumn
18.64,63.8,22.93,146,Winter
30.4,90.54,249.84,125,Monsoon
17.73,72.19,101.56,130,Autumn
23.31,56.5,81.46,122,Spring
29.09,53.75,23.88,120,Summer
12.68,58.8,38.25,139,Winter
22.77,74.72,70.99,119,Autumn
38.75,22.64,13.51,158,Summer
22.84,82.72,95.05,128,Autumn
25.52,68.8,335.63,145,Monsoon
26.57,74.92,86.8,144,Autumn
24.36,52.47,20.07,153,Winter
37.8,53.31,14.76,105,Summer
9.89,58.89,61.88,90,Winter
29.99,69.06,245.81,118,Monsoon
25.77,48.09,49.84,141,Spring
26.05,78.53,270.87,124,Monsoon
23.04,62.08,38.57,147,Spring
31.16,80.3,313.92,151,Monsoon
29.85,86.74,295.28,145,Monsoon
23.92,73.75,271.12,130,Monsoon
21.89,61.96,115.71,120,Autumn
18.57,76.34,118.93,149,Autumn
18.13,64.54,46.13,98,Winter
27.35,51.83,77.27,112,Spring
19.77,74.13,110.57,156,Autumn
40.18,46.65,17.57,157,Summer
20.6,78.08,101.95,161,Autumn
18.89,47.19,39.05,120,Winter
29.33,100.0,271.83,101,Monsoon
15.52,71.91,52.9,130,Winter
33.74,20.96,11.45,165,Summer
24.06,49.69,71.2,146,Spring
13.77,37.9,22.9,147,Winter
28.69,83.63,334.85,105,Monsoon
25.89,93.02,287.02,177,Monsoon
19.34,40.58,5.96,142,Winter
32.7,54.27,26.56,100,Summer
14.4,58.64,19.91,145,Winter
23.39,49.77,18.65,127,Spring
21.81,56.99,61.92,124,Spring
12.14,60.99,75.72,127,Winter
21.95,55.76,58.41,116,Spring
25.2,49.89,61.92,127,Spring
16.09,66.92,35.85,178,Winter
26.06,57.42,30.79,174,Winter
25.6,73.49,85.65,92,Autumn
32.25,79.18,192.43,100,Monsoon
25.72,78.71,70.38,103,Autumn
27.51,77.17,229.99,132,Monsoon
25.52,79.77,95.93,133,Autumn
34.69,31.74,28.51,158,Summer
27.14,78.1,88.56,113,Autumn
25.03,50.78,55.61,145,Spring
8.27,75.04,0.0,92,Winter
26.38,72.18,75.49,176,Autumn
26.38,76.92,273.92,162,Monsoon
12.78,59.93,13.88,123,Winter
28.48,42.58,29.41,111,Summer
14.94,45.31,31.45,170,Winter
25.43,48.53,43.6,141,Spring
19.93,48.87,56.17,150,Spring
24.98,92.64,261.34,131,Monsoon
31.9,53.78,24.08,163,Summer
24.61,47.95,60.67,101,Spring
21.9,72.45,76.99,172,Autumn
27.44,79.86,264.84,101,Monsoon
18.2,51.69,2.21,173,Winter
26.88,92.0,258.6,131,Monsoon
36.89,32.82,22.01,93,Summer
27.23,89.69,338.16,129,Monsoon
25.95,54.75,28.0,91,Spring
35.08,58.28,21.92,106,Summer
22.32,58.16,20.57,137,Winter
23.42,50.45,49.48,177,Spring
37.12,35.22,25.07,172,Summer
23.91,51.7,52.15,173,Spring
18.17,59.03,36.94,138,Winter
28.98,89.05,270.35,155,Monsoon
35.83,54.25,25.74,138,Summer
20.38,72.05,56.12,141,Autumn
21.96,53.31,58.81,141,Spring
25.73,71.85,83.04,123,Autumn
9.98,57.7,17.67,162,Winter
19.41,78.58,124.34,141,Autumn
24.96,81.18,76.18,171,Autumn
24.1,53.48,48.07,109,Spring
23.13,48.92,15.25,128,Winter
43.77,51.92,9.47,94,Summer
26.45,40.94,23.36,104,Summer
42.86,35.74,14.2,164,Summer
24.48,76.73,290.06,91,Monsoon
5.0,51.39,0.0,95,Winter
31.83,49.75,4.7,128,Summer
31.93,43.07,26.94,160,Summer
16.18,63.21,52.24,136,Winter
21.78,82.55,237.44,115,Monsoon
26.6,51.81,22.02,145,Spring
29.71,68.65,43.05,91,Autumn
26.71,75.86,71.81,145,Autumn
30.76,83.47,321.75,98,Monsoon
28.8,76.16,45.58,123,Autumn
18.58,73.41,70.28,142,Autumn
24.92,76.88,75.38,128,Autumn
40.27,42.62,8.31,149,Summer
12.88,77.31,22.13,124,Winter
20.66,86.04,245.93,95,Monsoon
25.57,86.19,221.18,156,Monsoon
24.41,62.97,49.97,100,Spring
28.36,57.3,36.16,175,Spring
11.58,57.88,49.18,149,Winter
29.53,86.55,252.09,120,Monsoon
32.41,84.37,224.15,149,Monsoon
33.79,44.94,11.97,146,Summer
23.85,77.86,85.16,146,Autumn
19.34,60.07,19.24,96,Spring
28.36,45.8,55.0,144,Spring
38.21,39.21,8.76,110,Summer
31.59,85.55,266.94,116,Monsoon
24.4,79.69,67.91,161,Autumn
32.46,33.51,24.84,132,Summer
25.48,59.78,32.08,110,Spring
21.01,48.36,78.06,116,Spring
23.8,76.52,76.33,165,Autumn
10.99,61.48,22.98,176,Winter
23.56,99.72,326.83,128,Monsoon
29.75,78.81,313.56,167,Monsoon
26.63,79.88,168.89,130,Monsoon
24.29,54.49,57.17,161,Spring
24.55,47.69,50.0,127,Spring
23.12,46.33,38.92,90,Spring
23.76,72.67,114.38,141,Autumn
35.21,88.84,207.89,168,Monsoon
29.23,49.77,82.82,147,Spring
18.65,65.4,23.34,177,Winter
31.2,53.3,54.9,118,Spring
22.51,67.21,268.86,137,Monsoon
17.56,48.82,33.66,98,Winter
34.67,62.36,21.6,122,Summer
30.31,76.62,72.85,133,Autumn
25.73,55.3,55.57,119,Spring
32.84,85.89,233.3,160,Monsoon
28.72,78.4,196.98,130,Monsoon
35.36,38.05,28.96,146,Summer
29.41,31.46,18.67,152,Summer
25.24,52.85,48.22,137,Spring
28.96,63.57,41.46,145,Spring
36.83,49.97,10.26,132,Summer
23.65,54.9,62.16,120,Winter
30.82,82.61,175.15,158,Monsoon
30.23,98.93,221.08,108,Monsoon
29.0,88.76,195.98,132,Monsoon
30.5,88.54,206.1,146,Monsoon
31.11,80.12,182.54,175,Monsoon
24.32,82.79,95.51,176,Autumn
29.41,49.44,29.33,154,Spring
27.7,50.01,29.25,142,Spring
31.68,94.81,264.96,119,Monsoon
29.12,31.12,18.35,159,Summer
18.83,83.23,29.41,112,Winter
25.65,80.58,119.03,107,Autumn
25.86,76.58,101.5,173,Autumn
21.74,36.84,44.35,158,Winter
28.79,74.2,249.68,150,Monsoon
27.73,87.31,229.08,166,Monsoon
22.49,63.87,82.49,168,Autumn
20.39,47.45,27.56,102,Spring
15.76,57.7,44.76,99,Winter
27.08,59.73,23.04,135,Spring
8.61,58.0,42.65,120,Winter
28.2,52.42,39.9,154,Spring
15.13,73.5,19.73,103,Winter
36.09,47.78,9.1,99,Summer
14.43,60.85,6.06,168,Winter
13.12,62.99,58.03,159,Winter
21.76,44.88,34.3,151,Winter
37.83,30.0,25.89,165,Summer
36.81,20.0,25.31,172,Summer
21.16,61.57,48.99,175,Winter
30.2,79.44,76.71,104,Autumn
25.58,76.95,227.67,90,Monsoon
29.92,76.73,268.48,144,Monsoon
22.5,73.28,80.07,168,Autumn
16.34,58.3,12.68,103,Winter
34.67,50.06,8.65,98,Summer
34.18,85.54,307.78,109,Monsoon
23.95,74.41,96.65,108,Autumn
14.16,73.18,10.64,177,Winter
22.23,70.67,71.57,116,Autumn
31.9,43.98,31.6,129,Summer
23.83,63.68,38.76,173,Spring
5.0,61.37,30.4,160,Winter
19.94,66.62,75.88,145,Autumn
32.72,79.63,216.78,156,Monsoon
31.25,41.71,10.51,151,Summer
40.38,38.22,22.53,160,Summer
18.59,51.9,86.69,127,Winter
32.04,80.48,282.73,97,Monsoon
27.48,51.67,59.06,172,Spring
21.17,80.13,329.9,99,Monsoon
25.52,75.9,88.45,144,Autumn
22.32,77.17,65.97,167,Autumn
23.07,67.71,55.51,169,Autumn
42.61,53.57,11.19,139,Summer
36.79,36.33,17.79,144,Summer
24.57,56.63,69.48,133,Spring
19.78,52.86,50.28,114,Spring
10.05,57.32,29.07,145,Winter
23.41,79.41,282.1,106,Monsoon
17.7,53.35,58.26,179,Spring
32.17,81.31,263.81,132,Monsoon
24.35,78.4,65.56,161,Autumn
31.27,32.01,15.61,113,Summer
41.11,29.32,28.56,163,Summer
37.64,43.19,40.68,169,Summer
17.27,49.39,40.14,135,Winter
25.89,69.51,67.31,90,Autumn
25.12,84.74,288.49,158,Monsoon
28.13,35.81,12.38,112,Summer
35.15,74.64,92.77,115,Autumn
33.12,30.37,1.49,173,Summer
30.54,74.77,343.49,105,Monsoon
9.5,79.78,13.49,118,Winter
24.96,54.56,54.3,177,Spring
23.45,51.12,59.06,141,Spring
29.64,96.59,111.98,152,Monsoon
36.21,24.75,7.86,156,Summer
5.77,59.18,19.13,91,Winter
17.04,53.47,27.86,170,Winter
32.74,33.27,10.44,106,Summer
24.8,58.46,61.06,149,Spring
22.94,87.64,84.61,97,Autumn
28.79,97.21,351.94,132,Monsoon
37.95,39.13,27.28,143,Summer
27.42,39.06,26.16,166,Summer
29.41,32.5,19.44,126,Summer
24.75,64.55,65.67,154,Spring
23.8,75.7,98.82,167,Autumn
25.83,98.1,200.0,105,Monsoon
31.16,33.8,36.29,108,Summer
39.08,21.45,0.0,97,Summer
24.92,68.04,67.51,167,Autumn
23.65,81.88,267.98,161,Monsoon
25.67,55.36,20.97,159,Spring
28.34,67.34,271.79,157,Monsoon
33.61,82.68,248.25,133,Monsoon
26.42,55.41,37.16,91,Spring
24.13,61.19,55.92,156,Spring
29.5,93.21,278.49,155,Monsoon
35.65,77.02,261.81,174,Monsoon
17.42,55.58,11.83,123,Winter
25.73,80.62,53.22,109,Autumn
14.94,56.98,24.37,113,Winter
19.1,73.08,12.92,104,Winter
27.37,49.45,65.29,115,Spring
26.44,78.04,41.97,154,Autumn
28.99,70.28,246.8,127,Monsoon
21.03,70.39,44.5,165,Winter
21.05,51.29,57.75,152,Spring
25.87,49.23,19.93,124,Spring
34.62,78.73,276.48,153,Monsoon
23.03,70.66,45.38,145,Autumn
27.77,22.94,11.99,133,Summer
31.21,36.76,28.74,151,Summer
16.94,79.92,55.73,120,Winter
14.82,49.64,59.9,133,Winter
28.89,84.56,250.72,112,Monsoon
42.99,27.2,20.79,133,Summer
24.78,52.8,30.76,92,Spring
22.18,53.09,35.35,172,Spring
24.29,75.8,306.53,106,Monsoon
35.76,45.51,30.06,103,Summer
21.46,61.96,43.57,133,Spring
34.46,43.66,11.3,112,Summer
23.18,57.82,31.85,134,Winter
28.8,59.39,69.58,106,Spring
24.61,80.55,235.9,127,Monsoon
39.53,35.88,31.57,97,Summer
20.21,52.37,5.14,124,Summer
20.6,54.53,66.1,144,Spring
27.94,89.69,219.5,165,Monsoon
26.89,61.92,40.98,173,Spring
39.75,40.68,7.36,177,Summer
29.01,46.62,66.29,115,Spring
12.71,76.95,39.33,123,Winter
11.99,73.99,39.54,167,Winter
12.27,57.53,41.6,98,Winter
30.76,86.81,257.83,114,Monsoon
23.22,74.61,62.75,109,Autumn
8.76,66.01,12.08,105,Winter
25.1,59.02,35.5,92,Summer
19.73,57.61,41.08,140,Spring
21.15,80.57,179.79,151,Monsoon
26.23,58.47,65.49,130,Spring
26.89,75.68,78.67,129,Autumn
14.72,48.81,44.96,123,Winter
12.48,44.68,55.46,175,Winter
22.95,73.46,35.3,101,Autumn
21.77,49.49,26.49,93,Spring
23.04,82.48,59.72,124,Autumn
17.73,59.44,35.62,151,Winter
17.19,70.32,17.83,155,Winter
25.19,78.27,77.95,137,Autumn
27.06,55.52,75.89,178,Spring
36.21,42.85,6.52,92,Summer
23.55,73.07,119.34,129,Autumn
24.76,60.0,48.8,165,Spring
21.94,64.69,23.46,120,Winter
28.37,77.09,104.63,109,Autumn
23.76,75.52,95.77,112,Autumn
32.88,54.61,21.15,146,Summer
26.39,63.67,63.6,138,Spring
26.48,90.75,245.6,134,Monsoon
33.31,43.24,21.35,151,Summer
22.82,56.88,32.56,171,Spring
27.35,47.4,8.82,164,Summer
21.3,78.26,64.61,175,Autumn
28.94,89.36,333.35,153,Monsoon
16.89,51.87,43.88,137,Winter
22.35,82.59,271.59,94,Monsoon
27.5,71.19,75.9,177,Autumn
28.77,42.05,14.87,135,Summer
19.42,53.82,48.81,146,Winter
32.81,57.14,32.89,164,Spring
24.08,71.29,52.04,133,Autumn
25.44,88.74,114.07,159,Autumn
27.11,92.12,255.01,156,Monsoon
26.12,75.7,85.29,169,Autumn
13.57,55.12,60.03,140,Winter
16.18,70.25,21.75,152,Winter
30.87,49.81,59.9,145,Spring
10.8,51.55,49.65,118,Winter
22.16,82.99,232.93,128,Monsoon
26.18,47.01,76.22,160,Spring
23.77,53.5,37.37,121,Spring
23.02,71.47,30.1,98,Winter
38.49,31.96,8.44,101,Summer
22.01,60.74,8.13,173,Winter
32.58,45.07,4.66,91,Summer
28.37,58.07,47.34,149,Spring
21.83,73.4,72.7,109,Autumn
32.09,27.65,31.07,178,Summer
30.26,93.25,198.99,161,Monsoon
44.15,35.53,10.1,119,Summer
40.47,95.75,342.72,96,Monsoon
24.14,90.9,216.97,155,Monsoon
23.06,52.41,54.12,110,Spring
32.02,32.47,0.0,124,Summer
16.59,46.2,54.63,127,Winter
24.1,45.61,40.23,140,Summer
23.12,58.71,41.33,152,Spring
19.24,77.17,55.3,141,Autumn
32.17,53.45,57.88,114,Spring
35.77,44.62,42.13,134,Summer
40.12,46.64,14.71,147,Summer
32.11,67.88,60.66,177,Autumn
37.4,55.62,21.04,175,Summer
22.52,74.29,86.81,148,Autumn
29.23,81.34,66.71,146,Autumn
28.06,19.24,25.93,173,Summer
29.5,48.51,53.44,142,Spring
38.29,38.96,29.62,145,Summer
23.87,52.06,53.91,147,Spring
28.66,71.82,53.25,176,Autumn
25.73,80.67,83.09,124,Autumn
32.47,33.16,8.02,147,Summer
22.09,48.87,69.18,102,Spring
29.27,75.89,56.06,168,Autumn
39.66,57.64,2.34,115,Summer
22.95,68.58,120.93,158,Autumn
20.35,58.84,61.81,115,Spring
32.69,28.69,40.82,114,Summer
27.2,85.03,258.32,144,Monsoon
38.92,47.67,21.86,141,Summer
22.54,82.24,93.17,133,Autumn
14.87,52.83,26.2,168,Winter
25.68,49.08,56.15,135,Spring
38.33,37.97,32.03,176,Summer
23.55,68.46,98.21,158,Autumn
12.72,61.43,0.0,149,Winter
22.28,65.44,86.64,116,Winter
9.05,61.44,8.27,153,Winter
22.3,83.17,302.66,129,Monsoon
23.38,81.05,68.31,167,Autumn
28.71,27.31,26.69,96,Summer
25.66,75.06,57.8,113,Autumn
18.81,51.08,72.19,90,Spring
20.55,48.76,9.7,147,Winter
26.86,75.97,99.22,159,Autumn
18.98,69.17,29.62,92,Autumn
23.7,74.93,56.42,173,Autumn
25.73,48.13,43.24,130,Spring
28.59,54.79,7.54,176,Summer
32.72,100.0,175.52,98,Monsoon
24.55,89.72,278.51,113,Monsoon
24.95,74.39,97.22,98,Autumn
23.91,57.28,62.25,154,Spring
20.39,85.98,292.86,103,Monsoon
15.84,65.96,58.41,154,Winter
17.24,48.39,41.71,99,Spring
36.76,42.3,16.62,122,Summer
29.99,47.07,29.2,155,Summer
14.17,65.41,28.03,92,Winter
31.59,96.1,300.1,115,Monsoon
31.99,38.92,27.12,131,Summer
23.26,48.56,44.58,95,Spring
24.23,60.67,46.82,107,Spring
12.88,67.95,22.33,157,Winter
34.56,37.49,20.78,97,Summer
28.87,91.4,363.21,131,Monsoon
9.71,55.41,13.83,127,Winter
23.97,62.25,40.75,178,Spring
24.5,50.42,63.19,119,Spring
19.93,62.55,30.81,130,Winter
22.0,65.99,77.94,112,Autumn
28.03,53.03,21.56,125,Spring
23.52,74.35,80.15,170,Autumn
27.01,81.33,58.51,150,Autumn
23.18,70.33,39.97,141,Spring
32.6,78.67,387.86,119,Monsoon
19.82,62.12,44.55,132,Winter
8.24,57.72,43.55,146,Winter
24.6,55.93,67.97,115,Spring
39.43,47.36,7.47,125,Summer
25.41,63.21,93.02,102,Autumn
34.04,43.0,9.86,112,Summer
36.24,39.71,22.83,144,Summer
18.49,45.79,22.67,163,Winter
27.05,53.42,42.71,153,Spring
30.2,55.76,17.38,134,Spring
27.87,75.4,70.7,151,Autumn
23.34,67.55,86.32,146,Autumn
37.42,36.27,6.65,166,Summer
34.28,47.04,32.99,136,Summer
26.73,60.57,40.45,93,Spring
28.31,72.73,252.45,136,Monsoon
25.73,77.73,171.61,147,Monsoon
26.88,53.43,18.1,113,Winter
29.14,80.91,54.61,120,Autumn
26.96,82.56,183.45,178,Monsoon
26.84,92.12,273.24,111,Monsoon
29.11,81.77,270.55,154,Monsoon
21.85,80.33,83.29,100,Autumn
21.63,82.93,76.24,132,Autumn
16.51,69.45,37.71,167,Winter
22.16,75.21,83.98,112,Autumn
41.39,55.9,20.18,164,Summer
25.41,76.33,253.39,104,Monsoon
17.99,47.28,30.86,162,Winter
28.16,82.71,155.85,92,Monsoon
19.01,44.62,8.4,140,Winter
31.85,85.36,233.63,136,Monsoon
23.09,74.5,64.42,163,Autumn
19.06,63.43,47.08,167,Spring
24.1,83.55,97.05,95,Autumn
25.65,54.16,39.12,107,Spring
22.12,56.74,59.26,167,Spring
16.46,53.35,7.3,101,Winter
20.98,71.33,109.89,160,Autumn
24.04,67.53,57.41,97,Autumn
33.18,37.73,21.15,177,Summer
30.34,81.76,269.93,159,Monsoon
39.58,38.22,32.11,119,Summer
31.64,99.2,253.13,107,Monsoon
35.05,35.16,27.52,92,Summer
31.85,82.41,158.26,147,Monsoon
28.64,55.16,38.74,110,Spring
16.5,59.54,45.68,124,Winter
19.12,65.64,78.48,120,Autumn
27.6,78.89,223.07,121,Monsoon
22.39,64.98,50.5,95,Winter
27.55,96.08,215.47,160,Monsoon
21.39,77.94,61.86,141,Autumn
26.05,75.81,55.82,130,Autumn
28.47,89.16,266.78,115,Monsoon
31.12,72.49,202.86,115,Monsoon
5.0,39.44,23.45,99,Winter
23.77,65.46,66.4,143,Autumn
10.97,58.3,44.15,124,Winter
36.63,35.31,14.91,174,Summer
34.37,37.25,0.0,151,Summer
33.99,25.72,11.9,150,Summer
29.97,82.46,110.57,92,Autumn
24.52,56.09,60.47,141,Spring
22.75,60.25,21.45,174,Spring
19.56,73.96,47.42,154,Winter
26.58,73.53,58.88,108,Autumn
37.26,85.18,270.19,171,Monsoon
21.63,56.37,44.95,122,Spring
26.38,60.99,42.58,140,Spring
13.51,75.13,25.19,138,Winter
21.91,57.24,56.5,154,Spring
27.33,72.04,79.16,124,Autumn
20.89,56.67,8.09,110,Spring
35.87,49.3,21.85,106,Summer
33.87,16.38,0.0,142,Summer
21.23,72.93,80.88,150,Autumn
28.52,73.7,197.92,154,Monsoon
18.01,56.21,69.87,104,Winter
25.26,55.11,45.66,166,Spring
35.46,28.4,7.1,154,Summer
26.25,78.94,248.25,158,Monsoon
23.23,80.36,72.43,118,Autumn
41.8,45.56,9.16,126,Summer
31.7,24.12,20.32,133,Summer
10.38,52.08,2.91,117,Winter
25.43,99.17,223.0,147,Monsoon
13.94,61.4,8.58,178,Winter
29.39,85.67,187.93,129,Monsoon
25.68,89.13,309.67,152,Monsoon
29.33,35.52,24.97,158,Summer
19.89,77.88,90.5,136,Autumn
23.48,65.1,86.31,169,Autumn
22.66,66.38,117.68,128,Autumn
35.5,36.62,15.82,171,Summer
30.75,70.4,93.95,159,Autumn
24.3,84.65,190.47,133,Monsoon
23.71,45.97,38.27,101,Spring
30.99,56.78,22.4,124,Summer
15.86,51.74,40.52,177,Winter
5.0,65.07,19.67,177,Winter
15.88,63.99,7.23,171,Winter
8.56,63.34,35.84,165,Winter
17.95,64.06,49.68,117,Winter
24.88,55.28,47.39,165,Spring
21.74,36.89,12.66,123,Summer
26.44,85.59,273.41,110,Monsoon
31.9,43.33,33.25,94,Summer
22.37,75.24,52.5,131,Winter
31.08,85.97,235.71,152,Monsoon
23.12,55.79,36.76,168,Spring
28.51,52.96,54.88,103,Spring
33.77,71.85,317.49,171,Monsoon
15.62,46.36,33.09,102,Winter
27.47,48.65,40.39,123,Spring
25.36,50.94,57.27,156,Spring
23.05,75.43,76.41,98,Autumn
21.34,57.72,7.16,111,Winter
24.26,73.93,80.9,102,Autumn
14.81,33.83,4.58,128,Winter
24.88,91.3,313.22,96,Monsoon
42.34,28.74,22.34,165,Summer
25.52,79.98,258.19,111,Monsoon
25.09,44.84,54.1,130,Spring
9.55,68.83,39.28,110,Winter
26.06,69.17,52.31,168,Autumn
33.78,44.68,17.23,144,Summer
21.96,52.63,57.05,94,Spring
18.83,68.55,0.0,103,Winter
40.89,30.77,18.07,111,Summer
27.94,74.09,73.06,165,Autumn
15.95,34.45,45.86,153,Winter
28.44,75.36,216.95,146,Monsoon
26.95,90.27,277.86,178,Monsoon
22.66,70.87,85.95,140,Autumn
23.61,41.39,26.96,168,Summer
20.63,55.3,10.59,159,Winter
12.73,54.89,55.58,95,Winter
25.05,45.95,49.89,152,Spring
32.96,40.57,19.56,148,Summer
29.77,100.0,196.47,154,Monsoon
30.61,56.78,27.61,96,Spring
27.21,46.91,26.05,176,Summer
21.92,70.95,25.06,161,Winter
15.15,58.21,27.02,164,Winter
27.4,26.14,30.32,113,Summer
18.17,76.4,0.0,171,Winter
34.12,81.66,230.46,110,Monsoon
32.06,30.66,13.82,123,Summer
22.94,75.36,260.3,120,Monsoon
22.92,71.61,88.63,101,Autumn
15.17,65.71,22.4,92,Winter
23.5,79.47,67.25,115,Autumn
23.71,68.34,84.39,158,Autumn
25.47,79.97,340.16,120,Monsoon
28.6,52.08,44.28,173,Spring
12.76,54.43,39.49,128,Winter
8.52,58.27,25.05,179,Winter
24.48,70.91,105.66,175,Autumn
11.73,63.58,61.8,167,Winter
24.08,81.5,46.09,115,Autumn
27.53,64.83,80.27,106,Autumn
36.19,69.72,217.65,165,Monsoon
29.91,46.38,13.78,165,Summer
25.17,61.03,55.36,111,Spring
22.23,54.3,62.48,90,Spring
15.56,62.38,38.65,130,Winter
21.31,68.88,320.29,167,Monsoon
20.71,69.84,53.22,90,Winter
23.95,77.07,66.54,169,Autumn
26.06,52.97,39.93,177,Spring
11.42,72.43,46.8,123,Winter
23.98,56.7,72.89,164,Spring
32.07,26.32,25.28,145,Summer
30.41,10.0,0.8,106,Summer
34.86,41.73,27.49,111,Summer
26.98,99.13,207.13,95,Monsoon
12.35,65.96,35.9,130,Winter
21.27,75.76,67.14,177,Autumn
22.61,77.55,66.72,128,Autumn
40.97,47.87,33.61,103,Summer
27.78,61.64,58.86,93,Spring
10.35,46.36,22.56,148,Winter
7.35,55.69,24.79,119,Winter
22.33,82.03,66.12,179,Autumn
5.0,57.91,42.33,97,Winter
21.13,55.73,39.9,169,Spring
27.3,59.07,43.65,163,Spring
20.17,77.76,53.56,98,Autumn
22.64,74.55,95.06,134,Autumn
5.67,47.52,21.37,167,Winter
31.31,36.15,28.45,101,Summer
38.28,49.11,11.86,113,Summer
19.59,60.17,45.08,112,Spring
19.68,54.79,30.42,170,Winter
24.46,62.74,57.88,150,Autumn
26.61,80.12,95.92,127,Autumn
6.42,61.49,27.88,138,Winter
38.1,59.2,0.0,150,Summer
16.37,62.2,46.25,134,Winter
28.68,91.62,232.22,116,Monsoon
24.82,93.44,185.43,169,Monsoon
34.26,37.07,7.93,108,Summer
15.46,53.34,11.44,112,Winter
16.55,58.16,43.54,137,Winter
27.14,91.55,280.17,110,Monsoon
31.97,73.57,241.65,176,Monsoon
26.64,55.3,51.79,143,Spring
27.74,68.12,270.15,138,Monsoon
20.92,77.09,89.86,162,Autumn
26.76,68.33,62.82,124,Spring
9.98,71.45,60.83,148,Winter
37.36,43.29,29.11,150,Summer
33.69,27.4,17.34,111,Summer
13.93,54.63,26.34,141,Winter
25.65,69.25,92.57,128,Autumn
32.82,27.38,15.03,168,Summer
24.43,69.99,93.38,169,Autumn
27.82,87.74,310.65,178,Monsoon
23.26,75.63,88.24,127,Autumn
9.21,54.72,20.53,94,Winter
34.84,89.79,217.72,172,Monsoon
22.99,77.14,214.64,90,Monsoon
30.35,80.31,320.53,148,Monsoon
33.82,34.44,4.88,117,Summer
31.11,40.37,31.11,145,Summer
9.06,51.04,82.44,133,Winter
35.07,73.08,245.55,109,Monsoon
16.88,73.66,47.27,161,Winter
34.4,37.88,10.61,115,Summer
30.53,70.08,79.29,101,Autumn
23.79,77.61,126.31,96,Autumn
23.59,81.26,93.72,144,Autumn
15.88,67.7,0.0,161,Winter
25.26,56.03,73.68,164,Spring
21.16,54.02,19.41,178,Spring
19.73,56.44,0.0,150,Winter
26.61,51.79,46.53,131,Spring
27.88,45.08,16.3,125,Summer
28.14,72.99,168.13,142,Monsoon
31.13,82.72,233.42,122,Monsoon
25.28,69.6,69.51,158,Autumn
27.37,72.95,64.97,159,Autumn
23.81,75.08,116.81,154,Autumn
39.41,34.5,12.35,154,Summer
28.84,74.86,215.88,163,Monsoon
21.17,72.17,93.23,166,Autumn
24.46,69.53,72.52,175,Autumn
24.13,71.02,68.35,167,Autumn
23.97,67.74,90.06,98,Autumn
25.21,64.32,68.31,154,Autumn
28.57,78.28,57.36,94,Autumn
29.19,67.93,220.17,138,Monsoon
36.7,32.6,18.52,123,Summer
12.62,52.41,10.02,152,Winter
23.97,38.01,37.01,110,Summer
7.02,60.85,26.07,166,Winter
22.49,75.91,67.58,163,Autumn
37.54,19.99,16.09,114,Summer
19.9,66.57,13.2,116,Winter
25.16,48.71,44.67,94,Spring
24.84,56.89,14.67,129,Spring
35.44,92.18,270.38,132,Monsoon
24.2,53.62,37.22,101,Spring
24.3,46.55,16.27,114,Spring
29.5,38.01,18.16,175,Summer
12.66,68.04,55.74,90,Winter
35.82,36.19,22.37,150,Summer
24.35,58.41,56.52,108,Spring
24.06,84.99,70.17,101,Autumn
29.56,89.62,188.92,143,Monsoon
23.08,50.3,42.6,176,Winter
27.76,55.0,47.12,107,Spring
13.23,55.22,0.0,154,Winter
33.65,38.61,19.28,125,Summer
26.37,83.35,89.84,169,Autumn
24.24,82.81,95.31,107,Autumn
8.35,42.52,57.49,91,Winter
28.18,57.16,76.86,122,Spring
27.04,80.71,251.39,162,Monsoon
21.13,57.92,80.12,126,Spring
38.54,48.61,11.86,137,Summer
22.07,38.78,54.97,178,Spring
22.07,71.38,87.93,95,Autumn
23.64,86.45,57.98,153,Autumn
19.67,68.71,58.35,143,Autumn
37.35,44.52,38.32,165,Summer
5.08,49.46,35.21,172,Winter
25.94,98.3,243.76,150,Monsoon
33.52,75.87,289.51,150,Monsoon
28.2,81.78,214.73,167,Monsoon
30.72,93.58,233.94,161,Monsoon
13.58,54.66,36.11,124,Winter
30.58,55.07,56.99,138,Spring
36.19,36.43,20.28,176,Summer
14.18,50.77,35.85,115,Winter
36.61,13.75,11.74,148,Summer
20.97,51.41,49.37,138,Winter
11.71,51.96,36.59,110,Winter
23.18,54.25,63.41,118,Spring
29.0,65.46,66.71,98,Autumn
24.07,80.35,86.63,93,Autumn
32.24,84.73,266.36,117,Monsoon
21.64,61.32,40.96,154,Winter
32.79,33.4,22.82,108,Summer
19.53,49.31,23.36,144,Winter
13.05,74.48,91.01,155,Autumn
30.54,82.73,314.77,149,Monsoon
23.06,46.06,26.84,175,Winter
17.28,79.11,87.91,136,Autumn
22.43,79.1,96.39,99,Autumn
21.68,75.69,112.09,152,Autumn
24.97,74.42,61.95,143,Autumn
21.85,78.0,84.18,120,Autumn
32.75,100.0,276.08,135,Monsoon
9.15,47.9,26.55,119,Winter
24.22,68.34,100.48,136,Autumn
22.02,76.51,96.68,108,Autumn
19.69,73.19,87.16,97,Autumn
21.1,60.46,29.92,141,Winter
13.87,66.7,17.0,137,Winter
12.67,62.32,46.26,99,Winter
22.05,55.44,34.23,141,Spring
27.43,85.65,266.1,94,Monsoon
17.16,80.04,21.58,101,Winter
26.37,98.32,279.63,97,Monsoon
20.76,69.47,78.12,102,Autumn
18.83,68.34,43.41,154,Winter
19.68,59.07,30.04,109,Spring
23.33,72.84,80.57,102,Autumn
28.25,77.5,95.54,146,Autumn
28.24,77.33,233.55,95,Monsoon
27.59,55.17,20.92,92,Spring
23.34,70.33,114.84,95,Autumn
34.91,27.56,5.14,172,Summer
20.47,77.36,77.41,171,Autumn
10.01,59.3,18.99,132,Winter
22.64,69.27,101.41,115,Autumn
30.41,73.63,80.02,101,Autumn
23.63,81.21,85.91,124,Autumn
21.62,78.43,79.93,172,Autumn
22.07,79.4,127.21,111,Autumn
26.49,71.02,226.67,161,Monsoon
26.9,78.79,235.44,161,Monsoon
21.18,55.11,45.7,110,Spring
24.98,92.34,159.4,109,Monsoon
29.23,54.3,9.69,173,Summer
25.43,48.4,47.8,97,Spring
24.97,76.4,90.09,131,Autumn
29.49,93.32,298.96,133,Monsoon
31.5,22.52,29.46,174,Summer
24.54,85.76,222.6,161,Monsoon
19.73,57.14,46.91,144,Spring
22.78,45.98,53.39,179,Spring
10.32,47.89,16.68,167,Winter
28.51,34.27,19.72,110,Summer
37.76,88.08,188.15,141,Monsoon
23.44,83.15,206.58,173,Monsoon
23.61,85.13,235.56,104,Monsoon
26.37,55.01,44.13,111,Spring
27.21,70.43,65.92,110,Autumn
16.97,53.97,10.63,97,Winter
24.39,51.19,63.63,177,Spring
25.15,85.64,254.45,134,Monsoon
50.0,67.37,17.74,148,Summer
11.12,61.36,25.3,131,Winter
22.85,78.13,272.91,103,Monsoon
27.33,47.13,56.88,165,Spring
11.04,53.87,0.0,149,Winter
27.57,89.98,221.01,96,Monsoon
26.59,75.88,44.44,149,Autumn
29.22,80.19,260.88,91,Monsoon
11.79,54.55,14.66,121,Winter
23.64,51.12,55.88,101,Spring
7.71,67.95,52.89,154,Winter
20.54,54.77,41.18,141,Spring
17.43,66.88,11.12,92,Winter
35.06,41.74,6.29,118,Summer
20.25,61.72,51.87,172,Winter
25.54,78.8,190.61,130,Monsoon
9.25,48.87,46.31,169,Winter
35.1,43.51,28.57,162,Summer
32.28,79.53,218.26,125,Monsoon
20.84,100.0,189.13,115,Monsoon
25.34,50.08,48.2,148,Spring
19.06,45.4,35.22,170,Winter
26.95,75.37,65.39,90,Autumn
29.12,85.72,295.17,137,Monsoon
7.65,52.7,14.42,93,Winter
42.47,33.94,14.48,153,Summer
23.48,78.84,45.4,94,Autumn
29.93,91.11,212.54,156,Monsoon
25.73,50.39,58.67,178,Spring
28.78,43.16,1.61,171,Summer
24.48,70.69,89.9,95,Autumn
10.75,62.99,36.2,126,Winter
27.54,84.89,282.68,137,Monsoon
9.4,57.65,6.91,146,Winter
23.21,54.17,63.91,129,Spring
26.17,54.64,29.24,169,Spring
31.89,79.71,292.19,146,Monsoon
14.51,69.29,33.06,125,Winter
24.71,56.22,44.43,139,Spring
22.28,54.62,58.97,149,Spring
39.77,46.76,7.16,155,Summer
11.24,47.0,38.05,171,Winter
26.69,77.86,94.01,167,Autumn
7.19,81.51,36.67,156,Winter
21.62,74.1,69.64,160,Autumn
37.84,43.91,26.37,126,Summer
26.42,70.85,45.21,131,Autumn
33.43,35.94,8.91,110,Summer
14.99,57.92,22.55,98,Winter
5.0,57.3,0.0,129,Winter
20.58,53.84,36.73,92,Winter
20.38,72.95,264.94,130,Monsoon
25.42,94.79,256.87,103,Monsoon
37.71,37.47,28.01,134,Summer
26.4,61.6,68.89,133,Spring
23.86,74.79,98.86,125,Autumn
10.93,39.46,10.0,110,Winter
28.49,80.64,245.15,95,Monsoon
36.23,38.08,13.43,124,Summer
26.94,77.53,91.14,91,Autumn
37.86,36.02,14.93,174,Summer
23.4,56.7,37.75,155,Winter
26.67,54.57,33.35,94,Spring
21.66,65.83,17.98,175,Winter
24.95,76.47,84.18,120,Autumn
22.91,73.79,78.15,159,Autumn
26.56,73.18,76.61,141,Autumn
19.89,50.13,51.22,149,Spring
11.5,57.2,40.56,116,Winter
24.37,73.01,77.2,171,Autumn
22.54,78.47,95.25,166,Autumn
29.26,93.47,278.24,141,Monsoon
14.27,72.9,35.4,154,Winter
5.63,69.47,24.21,157,Winter
30.32,78.96,159.0,108,Monsoon
19.12,58.27,26.14,116,Winter
16.97,51.95,5.02,159,Winter
15.87,57.82,24.45,145,Winter
36.83,39.99,41.2,177,Summer
28.39,86.76,324.11,172,Monsoon
33.28,83.44,264.0,105,Monsoon
29.37,91.47,172.26,133,Monsoon
26.34,53.81,62.55,102,Spring
26.89,49.26,33.72,94,Spring
15.34,77.99,0.0,177,Winter
22.92,58.31,36.42,132,Winter
20.57,51.57,48.08,93,Spring
22.96,64.94,54.15,170,Spring
39.17,42.19,21.07,175,Summer
32.6,79.33,55.64,106,Autumn
23.94,53.97,59.06,158,Spring
16.48,75.06,73.99,93,Autumn
24.73,79.53,31.12,171,Winter
42.02,59.13,22.74,108,Summer
25.58,86.63,303.65,103,Monsoon
27.27,76.94,112.59,108,Autumn
16.1,54.22,22.66,124,Winter
26.9,77.6,89.69,118,Autumn
18.01,59.35,30.36,158,Winter
25.68,47.55,73.24,159,Spring
15.11,78.49,49.43,176,Winter
24.71,52.44,62.28,124,Spring
25.83,83.36,281.87,124,Monsoon
28.95,31.52,27.47,104,Summer
21.98,66.17,45.06,128,Winter
26.22,52.36,72.03,130,Spring
25.97,57.76,28.09,134,Spring
19.81,74.16,28.91,134,Winter
23.9,47.36,39.55,155,Spring
24.72,51.79,50.83,178,Spring
22.2,71.76,89.69,124,Autumn
22.34,60.92,48.82,156,Spring
46.77,31.72,27.88,90,Summer
22.48,62.33,19.9,129,Spring
18.3,67.54,8.53,129,Winter
31.84,41.73,27.91,128,Summer
24.44,78.07,75.85,97,Autumn
9.7,69.45,29.93,177,Winter
33.15,80.65,305.35,167,Monsoon
24.28,72.45,110.86,158,Autumn
21.97,60.21,18.25,133,Spring
17.12,67.89,61.5,111,Winter
9.83,74.18,0.0,97,Winter
25.17,53.58,60.05,175,Spring
22.64,77.19,70.42,142,Autumn
17.55,66.33,49.52,116,Winter
24.93,86.08,80.21,112,Autumn
26.49,71.05,60.56,95,Autumn
20.86,57.54,46.13,176,Winter
25.33,89.29,223.63,176,Monsoon
13.99,69.9,22.54,156,Winter
22.72,70.46,73.8,131,Autumn
39.03,77.08,274.57,168,Monsoon
24.03,60.27,81.6,164,Spring
24.14,58.34,42.04,101,Spring
27.14,69.55,88.98,133,Autumn
24.67,57.14,37.21,170,Spring
24.38,67.53,52.79,113,Autumn
26.8,70.75,102.61,161,Autumn
26.8,47.61,50.95,99,Spring
41.86,32.46,17.41,150,Summer
20.58,73.35,112.05,91,Autumn
18.67,82.5,70.27,161,Autumn
24.16,69.11,65.91,140,Autumn
28.26,61.62,43.03,123,Spring
30.95,82.55,239.13,178,Monsoon
21.97,68.47,21.68,177,Autumn
28.79,96.26,372.65,150,Monsoon
9.67,51.13,44.08,153,Winter
33.13,88.08,222.47,154,Monsoon
26.02,54.18,66.1,98,Spring
21.16,52.45,21.5,107,Winter
24.68,76.48,58.2,141,Autumn
38.08,42.02,14.48,107,Summer
19.14,50.8,34.12,168,Winter
26.03,72.87,108.88,154,Autumn
28.64,76.24,103.46,121,Autumn
19.74,78.45,83.11,133,Autumn
8.03,69.22,35.54,163,Winter
25.06,80.25,107.11,124,Autumn
38.47,34.37,0.0,153,Summer
25.67,66.72,84.72,174,Autumn
19.51,50.41,69.7,160,Spring
20.75,62.91,98.09,91,Autumn
50.0,50.49,15.0,101,Summer
21.28,79.39,93.09,95,Autumn
18.3,66.87,28.95,151,Winter
28.1,85.91,329.23,157,Monsoon
21.21,43.25,62.49,129,Spring
23.05,66.91,36.38,133,Winter
32.51,90.95,177.26,130,Monsoon
30.42,76.23,293.69,133,Monsoon
38.21,35.75,10.02,106,Summer
11.46,54.8,13.75,96,Winter
21.23,72.19,47.77,114,Autumn
22.45,76.25,102.54,155,Autumn
20.21,43.71,34.67,158,Winter
23.41,84.8,316.38,99,Monsoon
21.48,77.36,83.83,131,Autumn
11.63,54.92,40.1,165,Winter
27.86,49.16,20.75,122,Summer
34.89,46.49,36.23,145,Summer
39.01,49.5,12.61,96,Summer
25.01,73.69,62.04,103,Autumn
30.89,84.57,251.37,92,Monsoon
20.89,81.14,111.25,143,Autumn
19.94,59.01,1.7,93,Winter
25.3,77.51,90.09,90,Autumn
24.97,88.94,221.48,145,Monsoon
26.58,77.64,65.95,169,Autumn
26.56,73.88,71.64,116,Autumn
17.58,55.62,5.51,110,Winter
15.64,77.82,56.53,127,Winter
26.02,55.6,35.01,94,Spring
25.75,86.62,345.01,110,Monsoon
29.14,53.26,56.03,101,Spring
25.27,92.91,160.7,137,Monsoon
17.04,56.41,61.07,160,Winter
30.85,75.97,237.49,143,Monsoon
26.23,73.81,217.46,110,Monsoon
27.51,52.3,45.74,118,Spring
26.44,63.03,33.04,125,Spring
26.37,100.0,280.42,120,Monsoon
22.07,85.48,248.92,141,Monsoon
21.45,79.03,78.19,117,Autumn
9.73,66.79,21.81,165,Winter
29.42,52.92,58.33,137,Spring
26.31,56.29,48.69,103,Spring
15.55,51.05,55.12,90,Winter
27.04,98.43,313.1,97,Monsoon
36.59,30.87,12.72,170,Summer
27.48,52.93,36.01,118,Spring
29.74,45.06,22.99,150,Summer
23.77,76.49,71.7,92,Autumn
21.96,76.48,80.28,144,Autumn
40.58,37.24,14.55,169,Summer
24.43,83.99,283.84,105,Monsoon
15.77,49.62,17.29,146,Winter
32.54,36.8,21.55,169,Summer
24.77,75.19,84.17,175,Autumn
25.13,64.05,110.9,133,Autumn
28.34,52.31,62.05,168,Spring
26.65,68.06,73.1,132,Autumn
10.53,47.95,6.41,148,Winter
28.46,52.73,47.11,167,Spring
29.97,82.85,350.06,111,Monsoon
31.4,34.27,34.16,166,Summer
50.0,45.2,15.71,123,Summer
13.39,60.04,30.99,120,Winter
14.89,57.98,50.77,131,Spring
29.04,76.07,266.75,129,Monsoon
27.25,54.98,34.58,125,Spring
24.15,56.03,33.05,113,Spring
29.88,51.95,34.0,174,Spring
35.35,31.07,2.6,175,Summer
39.01,33.84,25.12,143,Summer
21.44,63.09,56.22,107,Spring
25.79,75.16,43.54,122,Autumn
23.46,71.64,74.64,112,Autumn
21.76,84.01,252.15,125,Monsoon
29.9,59.59,65.32,100,Spring
43.44,52.56,30.99,152,Summer
27.43,83.66,289.94,124,Monsoon
23.55,91.46,297.35,101,Monsoon
23.82,66.31,64.49,120,Autumn
10.74,69.05,25.92,126,Winter
25.63,54.61,58.32,159,Spring
21.59,47.75,55.76,176,Spring
25.75,84.68,286.35,94,Monsoon
24.03,72.49,68.2,173,Autumn
24.5,81.85,95.38,154,Autumn
27.03,72.43,60.16,120,Autumn
22.13,51.46,36.72,171,Spring
20.57,61.95,72.47,172,Spring
19.21,58.01,0.0,131,Winter
23.48,78.73,99.79,162,Autumn
26.22,41.86,26.39,167,Summer
31.12,48.38,18.43,157,Summer
23.75,91.85,210.88,94,Monsoon
24.92,82.72,217.69,149,Monsoon
22.05,72.71,57.32,149,Autumn
30.66,33.56,10.69,109,Summer
23.72,59.55,45.59,117,Winter
22.08,75.33,83.34,122,Autumn
37.21,38.99,10.85,101,Summer
30.59,52.77,36.08,92,Spring
13.63,50.22,20.68,172,Winter
22.03,63.67,63.03,177,Autumn
37.04,40.26,29.71,150,Summer
30.33,79.51,118.73,123,Autumn
29.35,94.38,201.53,144,Monsoon
29.24,53.74,29.84,139,Summer
22.12,77.41,201.76,133,Monsoon
22.76,53.44,36.84,141,Spring
22.74,78.97,77.98,97,Autumn
28.69,85.81,301.3,121,Monsoon
31.93,33.77,23.45,121,Summer
38.75,31.15,19.0,178,Summer
21.26,45.57,5.47,163,Winter
26.25,69.88,97.69,168,Autumn
26.71,46.6,39.88,168,Spring
23.22,68.94,91.91,116,Autumn
27.97,67.04,84.34,177,Autumn
11.16,47.67,0.0,111,Winter
28.29,87.69,283.36,161,Monsoon
26.02,52.15,36.71,127,Spring
23.22,54.62,73.05,115,Spring
26.38,55.0,45.45,124,Spring
35.57,44.37,21.85,137,Summer
23.01,78.85,109.25,90,Autumn
21.1,75.4,91.97,126,Autumn
26.96,81.9,65.69,158,Autumn
25.61,79.65,295.41,178,Monsoon
25.76,74.41,95.86,147,Autumn
34.26,50.07,25.66,179,Summer
24.6,50.24,25.06,176,Spring
26.03,78.34,64.69,123,Autumn
24.71,54.09,80.1,164,Spring
22.26,53.58,65.93,166,Spring
31.21,47.14,17.83,108,Summer
19.61,52.38,41.05,114,Spring
11.42,57.7,5.14,99,Winter
13.92,61.45,26.35,130,Winter
17.99,53.37,54.89,143,Spring
26.45,71.61,74.8,163,Autumn
26.58,59.92,50.0,143,Spring
8.78,37.88,19.66,97,Winter
25.17,79.2,261.22,121,Monsoon
33.89,36.06,13.96,175,Summer
15.12,62.19,34.7,101,Winter
26.32,73.45,292.38,176,Monsoon
30.59,81.24,67.28,144,Autumn
11.59,49.53,9.77,117,Winter
19.78,56.87,34.0,178,Winter
21.97,82.48,51.91,148,Autumn
13.5,59.7,20.47,131,Winter
22.07,75.13,66.24,118,Autumn
28.64,24.89,19.5,143,Summer
24.76,77.26,78.66,148,Autumn
36.53,23.36,28.65,151,Summer
22.62,87.33,274.77,160,Monsoon
27.89,49.41,60.91,172,Spring
37.04,47.67,14.83,144,Summer
18.04,67.92,18.66,124,Winter
21.58,54.13,4.05,90,Spring
26.38,61.63,35.04,169,Spring
21.34,80.91,72.48,95,Autumn
31.76,38.0,11.4,154,Summer
24.63,46.03,30.34,163,Summer
17.31,63.83,9.05,178,Winter
17.55,78.48,87.18,162,Autumn
13.84,56.22,5.45,96,Winter
25.97,59.07,26.76,128,Spring
25.01,81.87,68.7,178,Autumn
36.16,37.92,12.18,147,Summer
27.19,56.34,76.6,143,Spring
28.32,95.51,157.47,144,Monsoon
22.36,74.81,82.75,148,Autumn
39.08,26.41,25.07,154,Summer
36.97,35.23,29.74,92,Summer
12.34,55.8,17.69,91,Winter
27.3,52.0,48.38,143,Spring
12.17,77.8,37.08,173,Winter
32.45,76.83,192.7,176,Monsoon
22.08,73.08,95.26,114,Autumn
5.28,61.21,37.67,127,Winter
36.89,23.78,29.85,141,Summer
22.61,57.28,36.81,134,Winter
36.36,27.85,12.6,152,Summer
28.09,71.56,84.6,95,Autumn
9.35,56.08,52.01,148,Winter
16.64,70.55,23.16,151,Winter
22.21,72.72,100.33,178,Autumn
22.67,48.92,47.14,138,Spring
22.55,64.92,113.04,99,Autumn
20.25,51.31,47.24,111,Winter
27.85,51.97,7.97,94,Spring
27.56,92.35,292.34,167,Monsoon
30.56,100.0,248.46,143,Monsoon
22.65,49.68,0.0,99,Winter
21.76,74.74,76.97,99,Autumn
22.1,72.39,111.27,155,Autumn
12.26,64.24,28.24,109,Winter
25.55,84.12,272.42,143,Monsoon
24.24,53.18,69.14,120,Spring
23.43,88.98,197.84,124,Monsoon
27.76,79.95,93.68,106,Autumn
27.38,72.77,35.23,132,Autumn
22.08,100.0,216.12,125,Monsoon
36.0,31.84,39.38,155,Summer
18.13,53.4,17.91,171,Winter
19.91,75.72,77.74,92,Autumn
23.59,68.46,22.66,96,Spring
10.54,52.35,32.48,165,Winter
21.71,70.42,59.12,145,Autumn
27.8,35.2,17.73,93,Summer
17.95,76.48,64.42,168,Autumn
27.8,85.51,216.95,124,Monsoon
44.8,42.53,3.06,164,Summer
24.14,47.79,24.64,101,Spring
26.66,75.59,102.67,113,Autumn
25.07,47.25,69.72,104,Spring
27.2,58.1,34.98,174,Spring
34.59,83.43,233.1,166,Monsoon
34.27,54.81,11.79,100,Summer
32.75,83.38,310.7,173,Monsoon
6.3,60.94,68.97,133,Winter
25.17,57.23,75.98,113,Spring
24.4,91.44,253.79,158,Monsoon
26.91,82.91,68.97,158,Autumn
20.87,65.86,33.01,143,Spring
36.24,45.17,7.52,117,Summer
26.48,89.89,255.79,164,Monsoon
24.92,77.94,58.05,90,Autumn
24.25,75.99,8.66,90,Winter
36.67,38.34,22.48,104,Summer
18.12,48.36,15.59,131,Winter
26.96,88.23,244.69,171,Monsoon
33.17,49.77,58.84,140,Spring
25.58,46.86,26.37,143,Spring
29.98,22.44,19.05,145,Summer
23.58,53.61,46.75,141,Spring
29.03,92.04,243.36,169,Monsoon
28.14,76.61,104.01,141,Autumn
24.18,72.06,63.28,179,Autumn
16.81,62.49,23.35,99,Winter
21.86,79.4,114.12,101,Autumn
29.45,76.13,96.9,168,Autumn
14.65,74.98,36.81,161,Winter
27.75,85.75,270.03,168,Monsoon
31.77,77.91,246.39,150,Monsoon
11.45,57.89,50.55,106,Winter
23.43,100.0,173.01,171,Monsoon
32.26,38.22,11.72,168,Summer
23.33,74.65,99.77,171,Autumn
17.55,69.37,53.02,142,Winter
26.95,78.0,86.36,176,Autumn
31.1,56.57,41.52,90,Spring
37.12,42.83,29.26,152,Summer
41.31,56.4,19.6,153,Summer
13.43,58.44,53.06,156,Winter
24.78,51.58,23.94,114,Spring
18.27,79.98,82.29,165,Autumn
26.53,53.37,28.2,92,Spring
22.39,54.29,52.18,157,Spring
23.73,56.63,56.05,123,Spring
22.74,75.4,22.89,131,Winter
24.5,55.27,46.87,96,Spring
20.54,52.62,59.69,155,Spring
25.7,59.98,62.67,90,Spring
24.57,76.14,70.82,132,Autumn
41.53,54.42,21.2,135,Summer
24.3,51.79,50.02,110,Spring
27.56,78.89,56.29,92,Autumn
26.02,61.72,48.17,174,Spring
23.23,50.05,55.23,119,Spring
33.68,77.92,265.59,139,Monsoon
23.2,81.53,217.74,108,Monsoon
22.68,73.32,66.73,94,Autumn
13.52,59.62,0.0,152,Winter
28.07,81.67,300.73,139,Monsoon
22.48,63.84,111.45,128,Autumn
30.48,51.69,42.52,141,Spring
29.76,44.02,19.36,136,Summer
22.22,67.91,54.51,158,Autumn
16.8,77.6,39.12,142,Winter
16.36,49.91,44.13,90,Winter
30.8,33.07,15.77,104,Summer
23.69,71.28,162.71,153,Monsoon
31.65,75.54,313.48,131,Monsoon
28.38,62.37,79.71,154,Spring
27.57,74.69,67.43,110,Autumn
24.79,57.66,52.84,98,Spring
11.48,79.76,20.27,152,Winter
22.88,68.24,65.72,115,Autumn
19.76,78.64,77.54,169,Autumn
22.39,59.13,39.51,92,Winter
28.78,48.89,11.02,136,Summer
30.12,39.86,22.2,146,Summer
27.53,96.89,150.93,165,Monsoon
28.64,54.58,54.66,154,Spring
18.43,62.43,0.0,123,Winter
25.9,81.77,328.46,140,Monsoon
23.94,54.63,49.0,120,Spring
25.96,56.28,42.0,136,Spring
22.62,79.32,114.41,93,Autumn
32.25,80.77,213.43,90,Monsoon
35.85,45.51,16.53,160,Summer
28.98,86.02,199.82,103,Monsoon
19.83,60.64,58.74,94,Spring
13.52,71.36,26.63,121,Winter
44.05,37.8,30.05,143,Summer
23.2,55.69,59.49,165,Spring
26.58,44.66,52.7,165,Spring
22.86,58.15,63.91,158,Spring
21.84,59.16,24.22,120,Winter
22.5,96.38,188.12,153,Monsoon
25.34,23.4,24.42,146,Summer
36.04,42.71,24.9,132,Summer
17.56,93.83,202.55,110,Monsoon
27.03,84.59,226.14,104,Monsoon
23.77,72.67,91.62,95,Autumn
18.88,42.37,59.77,110,Spring
13.92,43.53,16.86,161,Winter
28.51,73.8,71.03,151,Autumn
38.62,82.86,329.37,96,Monsoon
31.86,89.67,262.59,129,Monsoon
24.81,65.84,74.64,113,Autumn
22.36,66.85,88.7,177,Autumn
20.28,58.67,43.56,132,Spring
24.38,49.59,40.32,177,Spring
32.48,33.13,34.76,98,Summer
26.14,88.73,242.83,177,Monsoon
35.86,56.25,19.06,121,Summer
29.15,50.07,70.09,163,Spring
32.37,34.13,8.72,153,Summer
22.3,78.08,55.02,119,Winter
12.51,51.39,26.8,118,Winter
9.33,39.61,45.53,151,Winter
26.12,78.25,168.55,136,Monsoon
16.57,59.53,29.19,164,Winter
22.84,64.03,39.93,168,Spring
13.65,48.52,0.0,171,Winter
29.35,37.53,24.39,139,Summer
28.38,90.19,344.53,162,Monsoon
28.5,53.51,37.94,141,Spring
34.98,34.47,23.83,174,Summer
34.84,97.02,328.06,118,Monsoon
16.67,49.99,15.0,90,Winter
22.17,74.92,71.79,178,Autumn
23.22,76.69,53.07,157,Autumn
19.87,74.55,45.22,169,Autumn
20.37,70.87,58.38,124,Autumn
32.63,76.21,103.33,96,Autumn
21.27,79.74,38.11,101,Autumn
29.14,78.31,106.28,94,Autumn
36.95,62.6,25.91,96,Summer
40.08,49.83,17.21,169,Summer
20.37,62.78,48.08,150,Spring
20.55,59.99,51.72,141,Spring
22.49,49.21,50.34,169,Spring
35.22,45.49,35.15,96,Summer
22.52,41.25,13.39,115,Summer
35.98,44.95,20.22,122,Summer
5.0,78.74,13.58,124,Winter
20.64,74.28,66.94,93,Autumn
21.86,63.71,65.93,117,Spring
19.88,76.3,70.5,94,Autumn
37.48,13.57,30.89,108,Summer
28.05,71.21,288.69,156,Monsoon
27.92,77.25,219.53,102,Monsoon
22.84,66.45,37.51,137,Spring
32.67,26.99,15.47,128,Summer
25.16,56.81,58.87,177,Spring
22.47,97.95,355.84,101,Monsoon
15.01,54.33,39.28,157,Winter
28.26,61.4,67.56,167,Spring
31.21,82.99,281.42,112,Monsoon
18.97,57.56,60.27,94,Spring
14.37,58.52,59.57,93,Winter
23.92,79.47,268.56,159,Monsoon
39.96,45.07,4.93,106,Summer
25.63,82.18,280.09,123,Monsoon
23.14,78.34,226.58,136,Monsoon
24.12,73.14,100.82,117,Autumn
16.88,80.62,40.39,117,Winter
28.02,91.17,305.87,106,Monsoon
10.03,49.28,11.22,163,Winter
26.69,57.24,59.85,127,Spring
20.26,57.04,65.76,135,Winter
32.6,47.58,2.08,148,Summer
28.9,83.79,187.5,92,Monsoon
19.39,79.7,76.05,117,Autumn
25.63,72.55,68.82,152,Autumn
12.09,49.42,16.66,174,Winter
27.27,76.54,79.41,159,Autumn
28.64,76.07,73.56,140,Autumn
27.31,77.94,227.22,105,Monsoon
15.66,66.07,52.2,109,Winter
31.73,77.91,261.72,94,Monsoon
26.82,51.07,35.06,107,Spring
26.79,45.58,59.47,93,Spring
28.06,77.22,79.48,173,Autumn
13.8,49.75,36.31,116,Winter
25.46,69.23,101.52,169,Autumn
15.58,48.84,78.59,125,Winter
30.11,79.85,198.88,171,Monsoon
14.2,65.95,17.64,163,Winter
29.62,31.27,9.48,142,Summer
39.2,37.36,33.2,121,Summer
24.86,85.87,139.63,97,Autumn
34.83,82.15,196.14,166,Monsoon
27.6,84.17,164.83,125,Monsoon
32.98,89.73,165.14,94,Monsoon
17.24,45.57,48.06,147,Winter
25.04,52.39,35.22,128,Spring
34.86,44.15,8.92,167,Summer
11.51,44.85,11.05,176,Winter
24.98,75.52,59.24,164,Autumn
20.7,65.5,78.82,134,Autumn
22.76,68.63,82.62,95,Autumn
29.64,81.0,81.23,161,Autumn
27.88,100.0,234.86,130,Monsoon
42.79,39.3,6.3,161,Summer
14.22,54.32,17.22,151,Winter
10.18,62.42,14.52,132,Winter
22.77,81.16,70.74,141,Autumn
28.07,83.4,276.72,105,Monsoon
33.87,40.08,22.19,139,Summer
21.74,68.31,48.37,115,Winter
22.03,58.4,20.32,116,Winter
24.15,90.68,290.69,106,Monsoon
14.67,63.97,14.61,141,Winter
27.25,69.9,89.7,108,Autumn
35.81,33.21,16.02,164,Summer
23.43,59.34,47.84,129,Winter
29.48,32.98,51.49,162,Summer
24.99,71.67,87.87,141,Autumn
34.88,84.85,362.37,161,Monsoon
29.03,42.71,19.26,103,Summer
25.64,74.17,42.9,110,Autumn
25.77,76.46,73.44,166,Autumn
29.37,56.26,53.06,129,Spring
28.49,59.27,60.27,163,Spring
26.32,54.7,35.13,178,Spring
26.94,51.12,61.29,148,Spring
28.42,85.62,209.89,116,Monsoon
28.3,51.23,9.65,96,Summer
23.81,77.5,40.52,106,Autumn
35.5,46.51,43.47,179,Summer
10.17,73.33,61.43,133,Winter
30.77,70.0,298.12,130,Monsoon
22.22,77.11,48.07,125,Autumn
33.66,92.68,311.11,110,Monsoon
29.54,62.93,37.65,138,Spring
12.76,79.28,0.37,106,Winter
24.61,85.13,170.42,99,Monsoon
36.2,42.41,29.97,173,Summer
18.54,79.41,24.69,173,Winter
23.59,74.02,81.78,169,Autumn
22.99,66.27,83.35,162,Autumn
25.57,60.75,55.38,152,Spring
28.46,83.4,284.81,96,Monsoon
25.21,94.07,314.19,158,Monsoon
12.42,58.74,54.0,94,Winter
34.05,23.52,19.68,130,Summer
35.86,54.3,24.17,156,Summer
24.03,72.19,210.79,106,Monsoon
42.05,30.45,14.23,179,Summer
30.74,91.04,148.84,148,Monsoon
18.77,48.7,56.3,132,Spring
23.49,62.26,54.39,104,Spring
34.21,49.96,4.92,154,Summer
24.8,45.13,66.46,163,Spring
26.06,70.87,76.56,104,Autumn
28.83,84.27,262.19,157,Monsoon
14.25,59.32,0.0,169,Winter
23.71,55.04,41.64,176,Spring
25.92,65.45,79.35,160,Spring
31.1,89.93,297.11,176,Monsoon
21.93,100.0,253.85,136,Monsoon
12.44,63.3,58.12,121,Winter
28.45,84.3,206.42,102,Monsoon
20.99,78.82,48.37,132,Autumn
23.22,80.69,74.2,94,Autumn
32.37,80.3,278.88,152,Monsoon
5.0,74.32,16.24,163,Winter
18.0,62.12,62.02,104,Spring
26.65,62.1,77.01,102,Spring
17.48,55.58,81.54,142,Spring
24.76,68.37,71.62,99,Autumn
23.74,72.64,93.99,112,Autumn
34.97,64.87,174.07,104,Monsoon
23.13,82.31,234.41,139,Monsoon
39.41,34.61,10.78,90,Summer
11.36,59.44,41.67,101,Winter
14.33,70.67,11.71,147,Winter
23.59,72.77,43.8,148,Winter
26.09,73.86,61.93,155,Autumn
18.47,78.58,242.08,139,Monsoon
19.97,51.7,19.23,100,Winter
22.21,74.57,77.21,153,Autumn
26.85,48.16,14.06,134,Spring
19.56,56.31,39.9,127,Spring
30.26,50.39,44.59,118,Spring
25.29,80.7,90.65,116,Autumn
21.83,46.55,61.22,93,Spring
23.42,60.03,37.35,145,Spring
31.83,90.12,312.46,106,Monsoon
24.56,88.1,365.79,118,Monsoon
17.88,49.25,0.0,122,Winter
30.17,82.17,292.42,121,Monsoon
24.19,74.57,113.89,171,Autumn
13.11,50.65,0.0,173,Winter
23.12,60.05,41.82,112,Spring
23.64,72.94,63.91,172,Autumn
30.46,91.62,226.15,159,Monsoon
28.58,79.87,232.57,140,Monsoon
35.04,51.0,24.62,141,Summer
34.46,56.49,26.49,145,Summer
34.62,97.39,212.96,130,Monsoon
24.52,77.48,242.0,91,Monsoon
35.04,51.39,15.78,154,Summer
29.09,50.53,9.05,157,Spring
10.3,47.92,33.91,121,Winter
35.0,30.71,2.86,118,Summer
28.79,43.46,35.31,170,Summer
24.45,74.14,67.81,162,Autumn
29.94,97.89,255.78,128,Monsoon
24.4,56.01,34.71,141,Spring
25.91,54.64,13.03,116,Spring
44.3,36.1,7.58,174,Summer
25.64,38.85,53.72,153,Spring
27.2,56.41,80.39,101,Spring
20.14,69.31,108.28,135,Autumn
5.0,53.46,38.27,171,Winter
36.68,28.38,49.07,105,Summer
8.92,71.32,36.7,138,Winter
32.22,60.9,49.38,91,Spring
34.95,41.0,19.57,159,Summer
20.53,92.22,76.45,173,Autumn
19.43,77.34,53.04,107,Autumn
27.4,85.49,316.24,177,Monsoon
27.13,80.84,73.3,175,Autumn
22.53,51.26,31.58,154,Spring
23.18,55.87,73.7,149,Spring
20.35,86.66,310.02,137,Monsoon
25.87,48.0,4.58,150,Winter
13.03,57.17,29.23,149,Winter
23.74,62.29,39.98,136,Spring
30.6,84.48,289.71,128,Monsoon
20.52,50.07,75.7,146,Spring
32.5,24.28,17.35,110,Summer
36.99,47.43,16.75,122,Summer
20.3,81.85,89.06,150,Autumn
21.41,51.84,36.0,126,Spring
28.73,83.97,264.67,176,Monsoon
21.87,46.47,62.74,143,Spring
21.65,53.47,80.02,164,Spring
47.47,53.45,15.66,125,Summer
25.62,67.83,44.38,174,Spring
41.52,43.91,26.47,127,Summer
26.22,83.32,215.63,119,Monsoon
30.65,38.96,34.55,93,Summer
28.56,96.91,260.31,103,Monsoon
24.61,75.66,72.65,154,Autumn
26.09,68.57,51.09,108,Spring
28.59,45.17,36.29,129,Summer
24.57,82.56,254.93,176,Monsoon
20.22,83.46,232.48,144,Monsoon
7.1,56.56,55.8,160,Winter
25.09,75.39,42.93,169,Autumn
7.37,68.75,19.82,156,Winter
31.87,61.55,38.42,153,Spring
33.9,36.08,8.9,177,Summer
30.27,54.69,43.4,94,Spring
28.55,41.79,56.99,170,Spring
19.79,42.36,17.43,179,Winter
25.54,73.35,51.91,99,Autumn
26.08,74.13,95.63,92,Autumn
34.83,51.91,16.7,92,Summer
14.41,55.65,56.58,140,Winter
21.7,50.0,42.85,140,Spring
12.17,59.73,63.36,99,Winter
34.22,93.33,186.53,137,Monsoon
18.14,43.88,17.22,108,Winter
30.31,82.19,219.13,114,Monsoon
12.57,56.86,19.67,149,Winter
18.37,70.68,0.0,96,Winter
25.18,74.7,94.94,109,Autumn
14.75,39.26,33.09,128,Winter
25.72,75.49,66.14,150,Autumn
28.32,43.24,25.43,178,Summer
8.78,46.44,22.76,125,Winter
23.55,62.66,44.87,118,Winter
31.79,32.62,23.07,122,Summer
24.5,75.49,61.75,146,Autumn
5.0,34.6,50.74,122,Winter
24.22,44.76,99.39,132,Spring
22.37,66.56,4.16,156,Winter
27.48,86.79,233.93,147,Monsoon
23.35,52.76,55.88,100,Spring
24.96,75.96,57.86,105,Autumn
24.15,69.86,67.87,122,Autumn
23.61,52.98,46.49,142,Spring
23.19,74.82,91.23,114,Autumn
34.43,50.59,0.0,158,Summer
32.68,45.52,27.51,96,Summer
10.7,71.16,29.61,157,Winter
37.58,43.48,10.11,159,Summer
20.19,56.23,27.56,128,Winter
19.73,79.75,86.22,97,Autumn
25.43,74.38,78.42,93,Autumn
46.31,22.53,23.39,94,Summer
41.02,27.56,31.91,112,Summer
24.57,90.7,260.38,144,Monsoon
20.21,63.02,53.52,150,Winter
38.14,47.87,22.39,146,Summer
30.77,89.38,224.0,110,Monsoon
26.08,69.74,14.33,118,Winter
42.71,24.84,26.73,117,Summer
29.57,51.68,77.7,151,Spring
22.49,76.29,83.57,135,Autumn
31.4,72.88,95.76,131,Autumn
30.32,24.81,20.9,136,Summer
36.93,23.17,12.19,160,Summer
20.68,84.68,175.53,107,Monsoon
38.16,49.65,22.28,116,Summer
36.38,19.08,10.98,101,Summer
26.77,63.16,129.2,168,Autumn
38.82,47.1,18.29,177,Summer
12.11,62.8,33.07,105,Winter
32.32,93.39,287.25,129,Monsoon
17.43,53.49,48.31,135,Winter
21.82,71.67,65.81,121,Autumn
30.34,47.26,21.44,135,Summer
23.27,46.21,33.99,179,Spring
25.53,58.09,19.0,176,Spring
16.12,62.5,60.38,117,Winter
25.2,44.13,38.76,137,Summer
27.09,83.99,267.28,105,Monsoon
23.34,79.31,58.48,110,Autumn
29.62,86.34,277.98,111,Monsoon
14.25,47.34,38.57,130,Winter
34.68,36.24,12.94,105,Summer
22.65,54.43,33.39,148,Spring
31.81,41.98,25.21,170,Summer
26.87,91.78,351.8,134,Monsoon
36.08,46.02,17.22,105,Summer
19.56,61.34,29.85,111,Spring
29.61,39.87,14.05,96,Summer
27.75,66.14,132.13,96,Monsoon
27.18,80.94,28.3,95,Autumn
37.34,34.34,36.14,120,Summer
10.2,50.13,7.36,112,Winter
20.51,61.06,13.86,129,Winter
30.29,45.41,18.37,138,Summer
27.96,80.86,101.53,154,Autumn
33.83,33.6,4.65,148,Summer
16.6,64.49,50.35,97,Winter
31.47,44.56,69.45,171,Spring
28.74,64.45,93.15,153,Autumn
31.38,52.19,12.93,144,Summer
35.59,28.95,25.47,131,Summer
33.71,44.64,27.83,164,Summer
24.45,51.81,54.88,102,Spring
16.89,61.16,28.21,131,Winter
32.32,85.49,130.71,175,Monsoon
31.18,67.5,206.94,108,Monsoon
29.69,89.58,304.03,164,Monsoon
25.74,57.18,53.41,97,Spring
18.98,83.55,342.19,144,Monsoon
28.52,73.66,84.72,143,Autumn
26.94,55.3,48.17,175,Spring
23.91,71.95,76.14,148,Autumn
11.29,70.27,39.43,129,Winter
19.45,82.84,197.76,124,Monsoon
26.53,90.5,250.14,132,Monsoon
10.62,48.55,22.86,144,Winter
20.22,62.52,39.1,120,Autumn
29.49,77.28,337.12,160,Monsoon
25.93,51.5,53.36,149,Spring
26.83,76.38,97.65,166,Autumn
26.46,72.15,62.47,141,Autumn
22.64,55.37,33.45,156,Spring
35.44,43.56,4.77,162,Summer
24.78,61.8,67.32,113,Spring
18.89,79.29,215.6,123,Monsoon
39.84,41.53,19.63,91,Summer
35.4,36.47,30.48,145,Summer
26.91,54.66,47.17,91,Spring
20.69,74.33,61.54,116,Autumn
19.28,63.0,4.59,108,Winter
26.67,77.09,219.56,161,Monsoon
30.46,77.89,262.36,158,Monsoon
28.93,92.92,269.34,126,Monsoon
27.21,72.34,97.15,155,Autumn
30.13,55.68,0.0,126,Summer
27.5,65.03,72.36,121,Spring
9.56,61.88,53.59,138,Winter
34.73,45.57,15.33,151,Summer
22.26,78.77,94.26,153,Autumn
40.65,46.34,27.43,150,Summer
25.1,78.33,86.83,158,Autumn
23.26,79.36,59.04,112,Autumn
23.78,57.36,69.88,124,Spring
33.7,91.08,218.89,162,Monsoon
32.39,69.95,56.04,140,Autumn
29.7,94.24,202.17,93,Monsoon
26.91,74.63,375.05,145,Monsoon
14.12,50.51,26.53,107,Winter
8.99,65.09,0.0,146,Winter
18.82,67.86,70.06,108,Autumn
15.47,59.3,12.1,109,Winter
23.17,68.72,89.79,165,Autumn
21.81,76.47,76.41,167,Autumn
18.39,76.34,52.69,105,Autumn
16.74,70.2,66.46,151,Autumn
20.11,70.65,6.02,126,Winter
29.71,89.93,293.37,126,Monsoon
25.11,54.11,23.86,164,Spring
32.11,77.7,140.34,110,Monsoon
31.6,91.35,220.04,111,Monsoon
29.47,83.26,239.38,120,Monsoon
15.4,43.15,43.92,126,Winter
29.09,90.82,313.55,153,Monsoon
21.27,44.78,55.49,120,Winter
24.14,92.34,342.37,178,Monsoon
39.29,30.43,25.22,98,Summer
27.74,77.87,304.14,155,Monsoon
31.9,68.92,176.83,149,Monsoon
29.56,51.58,43.19,93,Spring
20.23,51.58,84.75,106,Spring
32.24,91.15,276.38,136,Monsoon
21.01,60.83,39.4,174,Winter
31.94,98.47,245.5,114,Monsoon
18.95,54.29,67.78,109,Winter
31.45,67.88,283.0,177,Monsoon
19.87,84.22,92.63,129,Autumn
15.67,50.37,74.08,133,Winter
30.13,95.03,299.5,97,Monsoon
31.32,49.76,18.24,172,Summer
16.18,55.58,65.92,102,Winter
29.01,52.5,51.09,112,Spring
6.74,69.5,25.25,99,Winter
25.05,79.74,55.24,142,Autumn
13.84,68.26,13.29,134,Winter
29.2,83.13,215.29,156,Monsoon
24.54,52.38,24.69,128,Spring
20.21,62.99,88.26,148,Spring
25.7,53.44,53.08,93,Spring
23.54,49.05,35.78,104,Spring
19.48,69.74,76.56,101,Autumn
30.78,52.58,38.12,97,Summer
7.89,53.5,16.98,99,Winter
25.67,60.07,51.88,96,Spring
27.09,74.32,65.79,168,Autumn
17.58,79.47,88.6,105,Autumn
31.02,86.01,239.93,159,Monsoon
23.91,85.31,307.01,178,Monsoon
23.15,53.05,35.63,125,Spring
22.39,65.32,42.71,122,Winter
24.72,56.82,28.77,96,Winter
38.02,51.19,15.76,99,Summer
28.68,88.13,291.65,106,Monsoon
20.56,55.88,27.56,172,Spring
19.36,80.2,65.16,113,Autumn
25.18,56.41,62.83,126,Spring
27.97,67.57,40.62,159,Spring
28.47,79.77,289.53,100,Monsoon
25.75,64.53,32.6,151,Spring
18.15,74.04,15.02,151,Winter
21.04,59.78,70.19,177,Spring
24.59,70.04,102.01,118,Autumn
16.41,56.97,10.71,118,Winter
25.93,76.83,76.98,91,Autumn
16.54,53.45,42.99,172,Winter
29.52,93.24,378.12,119,Monsoon
21.05,76.21,65.21,148,Autumn
35.67,48.95,15.62,100,Summer
25.35,70.6,83.36,111,Autumn
15.39,64.04,22.02,132,Winter
26.53,79.6,67.39,99,Autumn
8.84,59.83,50.36,109,Winter
25.3,57.01,46.28,113,Spring
19.31,67.39,28.9,90,Winter
20.92,80.55,64.08,148,Autumn
15.47,66.51,0.0,176,Winter
19.26,67.4,0.0,96,Winter
27.58,88.69,290.59,159,Monsoon
20.54,68.4,94.1,99,Autumn
19.46,65.34,8.17,159,Winter
28.74,88.5,279.09,106,Monsoon
5.0,67.84,22.57,100,Winter
30.26,94.42,269.39,175,Monsoon
25.46,91.99,305.67,111,Monsoon
26.43,84.33,50.45,168,Autumn
24.08,87.24,257.88,160,Monsoon
39.79,39.65,6.74,130,Summer
39.97,50.27,2.67,125,Summer
38.07,47.23,12.79,98,Summer
19.44,66.81,32.63,113,Winter
5.0,60.26,14.61,125,Winter
30.03,37.14,19.75,127,Summer
27.3,56.93,62.51,128,Spring
15.53,48.51,11.61,158,Winter
15.99,59.57,62.61,177,Winter
25.56,58.96,59.52,157,Spring
24.47,81.18,285.63,157,Monsoon
23.77,83.19,292.94,114,Monsoon
23.72,70.52,103.55,137,Autumn
27.68,56.22,11.3,157,Spring
32.97,36.64,15.92,163,Summer
21.86,72.15,103.67,150,Autumn
40.48,56.86,20.78,178,Summer
24.13,50.45,46.1,173,Spring
25.79,97.91,246.79,115,Monsoon
37.52,25.4,36.66,164,Summer
25.3,70.95,84.86,159,Autumn
28.17,45.69,29.78,148,Spring
13.99,61.98,45.06,144,Winter
17.26,49.48,67.71,154,Winter
25.66,97.48,224.05,139,Monsoon
33.23,34.82,23.87,179,Summer
37.55,25.74,16.43,161,Summer
25.1,53.74,60.93,128,Spring
28.72,53.71,31.9,126,Spring
25.46,85.77,201.16,127,Monsoon
25.24,81.5,218.93,174,Monsoon
29.85,74.11,239.99,109,Monsoon
27.19,91.59,248.88,159,Monsoon
36.8,35.72,18.5,115,Summer
28.49,92.73,338.96,151,Monsoon
35.96,37.34,8.87,111,Summer
13.48,63.2,48.59,173,Winter
29.95,97.52,159.38,178,Monsoon
23.32,79.01,120.08,164,Autumn
11.01,61.22,35.43,159,Winter
30.32,53.63,4.12,158,Summer
19.12,59.62,39.06,93,Spring
43.34,44.48,23.34,127,Summer
25.17,56.76,56.85,150,Spring
34.87,91.66,310.6,128,Monsoon
18.5,68.83,1.72,178,Winter
24.0,48.92,35.22,116,Spring
24.19,86.86,75.39,151,Autumn
19.26,49.15,62.64,147,Spring
12.1,57.78,10.15,119,Winter
29.87,80.21,260.63,94,Monsoon
23.45,68.19,91.35,168,Autumn
37.34,40.44,33.69,163,Summer
24.83,79.53,42.37,128,Autumn
21.8,57.98,67.05,111,Spring
28.04,55.27,17.8,97,Spring
27.52,69.45,96.67,146,Autumn
19.79,73.42,41.9,109,Winter
29.21,90.58,203.61,158,Monsoon
36.74,44.18,21.57,109,Summer
9.98,51.77,40.94,119,Winter
25.04,78.49,81.15,122,Autumn
22.81,68.21,3.22,149,Winter
21.66,49.79,68.63,153,Spring
15.39,40.37,0.0,137,Winter
37.69,24.26,26.08,168,Summer
19.88,50.38,35.76,165,Winter
22.19,53.96,64.52,137,Spring
25.22,58.56,32.23,97,Spring
23.28,43.96,77.9,150,Spring
29.77,51.39,26.89,91,Spring
26.02,57.72,14.88,122,Spring
22.02,65.82,90.0,94,Autumn
26.45,80.95,266.3,138,Monsoon
28.28,74.22,76.23,141,Autumn
27.58,54.23,39.46,112,Summer
22.21,75.71,258.32,116,Monsoon
29.5,72.95,44.0,153,Autumn
24.04,62.83,23.91,122,Summer
27.17,63.8,62.45,145,Spring
36.55,38.04,28.06,149,Summer
23.83,52.03,49.01,161,Spring
24.96,86.56,257.57,118,Monsoon
18.72,59.77,0.0,130,Winter
22.79,70.35,41.46,98,Spring
26.01,52.82,50.86,138,Spring
37.98,47.17,21.65,157,Summer
12.81,52.81,0.0,140,Winter
6.83,67.58,40.52,163,Winter
28.09,71.97,65.65,112,Autumn
34.89,32.95,13.83,99,Summer
26.91,57.19,37.36,115,Spring
22.64,45.53,24.68,111,Summer
21.59,98.96,243.01,170,Monsoon
16.84,51.36,41.54,172,Winter
23.98,23.18,29.72,166,Summer
22.58,84.58,151.79,94,Monsoon
24.98,78.87,80.19,152,Autumn
21.67,56.89,0.0,135,Winter
25.89,71.92,103.99,119,Autumn
31.01,34.02,28.55,104,Summer
20.6,77.61,80.04,108,Autumn
9.46,74.65,2.25,162,Winter
27.1,52.09,22.53,138,Summer
16.73,55.98,47.93,177,Winter
25.08,77.69,108.11,126,Autumn
26.38,55.91,42.24,107,Spring
24.93,46.49,31.25,165,Spring
39.78,42.62,21.42,172,Summer
31.09,29.73,43.91,108,Summer
29.79,41.9,29.67,91,Summer
21.87,74.55,52.4,128,Autumn
31.97,91.26,229.61,178,Monsoon
26.88,73.36,93.4,121,Autumn
30.7,49.57,45.61,94,Spring
24.04,50.45,40.67,126,Spring
32.41,28.27,17.38,127,Summer
16.22,44.44,53.55,152,Spring
38.51,20.58,27.64,132,Summer
32.48,64.7,5.85,143,Summer
26.91,79.71,309.83,156,Monsoon
38.86,30.09,12.26,176,Summer
19.21,64.87,25.36,178,Winter
24.2,80.52,67.23,179,Autumn
29.79,79.56,344.3,166,Monsoon
40.26,49.71,31.28,100,Summer
30.18,87.13,243.72,105,Monsoon
24.76,53.58,11.85,152,Summer
18.34,68.38,62.05,139,Winter
31.36,90.34,201.3,163,Monsoon
9.31,57.43,46.83,118,Winter
18.34,59.21,51.87,130,Winter
25.95,56.49,66.88,139,Spring
13.9,61.43,11.52,140,Winter
25.57,77.71,89.21,112,Autumn
37.72,33.24,12.43,137,Summer
39.3,36.93,16.73,122,Summer
14.23,65.3,42.95,160,Winter
28.91,85.78,256.06,108,Monsoon
26.07,76.57,214.19,145,Monsoon
35.14,17.69,17.24,170,Summer
30.74,55.21,42.1,134,Spring
19.19,54.47,0.0,116,Winter
20.77,83.73,137.99,92,Autumn
40.68,52.46,29.53,125,Summer
19.72,66.7,40.8,131,Winter
26.86,78.48,357.63,99,Monsoon
27.72,54.45,55.39,108,Spring
10.41,53.1,63.01,90,Winter
21.99,53.97,76.77,106,Spring
30.61,100.0,265.75,90,Monsoon
21.28,79.45,63.14,170,Autumn
19.54,54.64,51.11,155,Spring
21.84,63.23,57.82,157,Autumn
29.45,94.31,283.13,130,Monsoon
25.38,73.36,102.14,162,Autumn
41.6,40.84,25.38,169,Summer
23.72,75.72,76.16,102,Autumn
23.67,66.77,59.11,144,Autumn
37.5,31.48,24.85,169,Summer
21.54,62.37,49.79,90,Spring
19.17,58.73,30.39,129,Winter
21.54,71.9,100.9,129,Autumn
22.71,24.99,15.2,95,Summer
19.82,59.63,49.92,178,Spring
30.23,43.16,18.26,141,Summer
25.93,73.07,67.7,140,Autumn
22.67,60.77,39.56,164,Spring
18.19,50.8,25.44,130,Winter
24.29,86.0,73.91,131,Autumn
22.59,77.32,80.51,129,Autumn
28.57,32.24,18.46,131,Summer
28.19,31.65,22.05,113,Summer
30.88,87.49,134.98,95,Monsoon
23.61,77.26,89.98,103,Autumn
17.44,58.76,42.21,148,Winter
26.55,44.51,57.93,177,Spring
33.21,53.79,15.03,166,Summer
25.56,59.08,67.38,112,Spring
43.91,21.21,0.0,124,Summer
23.7,57.83,41.43,126,Spring
22.45,61.94,58.12,175,Spring
34.42,41.94,22.03,153,Summer
35.1,28.53,24.59,153,Summer
22.12,91.45,260.28,95,Monsoon
18.85,62.78,0.0,169,Winter
11.96,59.02,22.56,110,Winter
32.82,62.27,26.86,156,Summer
23.18,71.27,64.53,122,Autumn
24.01,52.21,49.38,178,Spring
34.03,23.46,10.08,175,Summer
34.69,19.28,11.92,95,Summer
44.03,33.55,9.75,137,Summer
38.29,69.81,22.85,123,Summer
11.19,66.06,25.46,173,Winter
28.23,23.95,17.29,97,Summer
16.91,55.42,12.9,129,Winter
32.32,92.13,295.13,131,Monsoon
27.12,50.04,69.45,150,Spring
33.5,48.77,25.8,130,Summer
32.99,38.25,15.68,127,Summer
26.67,87.68,77.47,138,Autumn
17.58,69.63,23.65,141,Winter
38.42,40.07,32.53,163,Summer
14.27,81.87,16.92,177,Winter
29.89,86.06,148.76,91,Monsoon
24.02,62.57,55.87,93,Autumn
33.05,81.38,307.35,151,Monsoon
29.92,27.74,26.75,134,Summer
23.15,69.47,64.95,164,Autumn
22.08,78.55,58.42,144,Autumn
20.78,56.47,51.09,105,Spring
26.65,79.87,263.31,177,Monsoon
28.4,50.09,51.46,135,Spring
25.47,58.07,63.83,159,Spring
18.89,42.74,6.74,98,Winter
31.86,71.21,239.76,120,Monsoon
25.51,53.51,35.28,116,Spring
23.06,77.62,87.5,142,Autumn
24.98,83.84,174.66,151,Monsoon
36.71,48.31,31.02,151,Summer
21.8,49.71,32.69,119,Spring
5.12,55.55,34.97,110,Winter
23.15,76.48,43.17,161,Autumn
28.21,80.21,192.87,101,Monsoon
36.91,37.54,29.73,175,Summer
24.49,47.87,79.76,151,Spring
20.82,49.74,56.53,153,Spring
32.23,36.69,20.52,132,Summer
31.64,43.26,28.58,95,Summer
28.25,25.16,22.06,150,Summer
26.67,88.18,185.7,176,Monsoon
16.78,70.88,39.8,124,Winter
30.04,87.21,234.15,119,Monsoon
39.94,52.28,16.05,106,Summer
24.24,54.59,60.59,116,Spring
39.76,21.91,25.49,125,Summer
27.15,78.95,175.08,178,Monsoon
30.51,53.24,69.73,150,Spring
37.09,40.47,34.93,98,Summer
25.19,52.17,30.56,163,Spring
20.45,55.58,40.1,122,Winter
25.34,51.37,60.79,133,Spring
40.01,35.85,25.42,110,Summer
33.95,52.79,28.49,149,Summer
24.77,84.24,223.72,170,Monsoon
17.49,67.38,19.91,97,Winter
22.1,78.29,87.09,117,Autumn
24.94,55.31,78.07,124,Spring
24.03,58.96,41.35,115,Spring
7.17,41.23,47.76,147,Winter
27.26,92.23,298.04,110,Monsoon
23.9,87.54,229.77,134,Monsoon
34.77,59.1,14.57,110,Summer
41.56,54.9,3.87,169,Summer
21.67,50.67,53.8,109,Winter
